source,frequency,last_target_date,last_status,previous_status,last_attempt_at,last_success_at,last_success_date,consecutive_unhealthy,open_incidents,next_action,last_error_type,last_error,crawl_mode,candidates_seen,pages_fetched,new_articles,refreshed_articles,usable_articles,incomplete_articles,short_articles,min_content_chars,content_chars_min,content_chars_median,content_chars_max,updated_at
4C Offshore,工作日,2026-10-04,idle,idle,2026-10-05T09:14:18.026239+08:00,2026-10-05T09:14:18.026239+08:00,2026-10-04,0,7,repair_then_confirm,,all observed candidates were published outside the target date (2026-10-01 to 2026-10-02),listing,100,10,0,0,0,0,0,500,0,0,0,2026-10-05T09:14:23.598516+08:00
Ammonia Energy Association,周度,2026-10-04,idle,idle,2026-10-05T09:14:18.026239+08:00,2026-10-05T09:14:18.026239+08:00,2026-10-04,0,0,none,,all observed candidates were published outside the target date (2026-09-22 to 2026-09-29),rss,10,0,0,0,0,0,0,500,0,0,0,2026-10-05T09:14:23.598516+08:00
Batteries International,实时（新闻资讯）+季度（新闻整合）,2026-10-04,idle,healthy,2026-10-05T09:14:18.026239+08:00,2026-10-05T09:14:18.026239+08:00,2026-10-04,0,0,none,,all observed candidates were published outside the target date (2026-09-30 to 2026-10-03),rss,10,0,0,0,0,0,0,500,0,0,0,2026-10-05T09:14:23.598516+08:00
Batteries International News,周度,2026-10-04,idle,idle,2026-10-05T09:14:18.026239+08:00,2026-10-05T09:14:18.026239+08:00,2026-10-04,0,0,none,,all observed candidates were published outside the target date (2026-09-25 to 2026-10-03),listing,67,10,0,0,0,0,0,500,0,0,0,2026-10-05T09:14:23.598516+08:00
batteries news,实时,2026-08-05,skipped,skipped,2026-08-06T07:30:53.533382+08:00,,,0,0,none,,备注包含“无法访问”,,0,0,0,0,0,0,0,0,0,0,0,2026-10-05T09:14:23.598516+08:00
Batteries News,实时,2026-10-04,idle,idle,2026-10-05T09:14:18.026239+08:00,2026-10-05T09:14:18.026239+08:00,2026-10-04,0,25,repair_then_confirm,,all observed candidates were published outside the target date (2026-09-29 to 2026-10-02),listing,29,0,0,0,0,0,0,500,0,0,0,2026-10-05T09:14:23.598516+08:00
Battery Council International,周度,2026-10-04,skipped,skipped,2026-10-05T09:14:18.026239+08:00,,,0,0,none,,备注包含“需邮箱订阅”,,0,0,0,0,0,0,0,0,0,0,0,2026-10-05T09:14:23.598516+08:00
Battery Tech Online,低频,2026-10-04,idle,healthy,2026-10-05T09:14:18.026239+08:00,2026-10-05T09:14:18.026239+08:00,2026-10-04,0,0,none,,all observed candidates were published outside the target date (2026-08-26 to 2026-10-05),rss,50,0,0,0,0,0,0,500,0,0,0,2026-10-05T09:14:23.598516+08:00
BloombergNEF Press,月度,2026-10-04,idle,idle,2026-10-05T09:14:18.026239+08:00,2026-10-05T09:14:18.026239+08:00,2026-10-04,0,0,none,,all observed candidates were published outside the target date (2026-02-18 to 2026-09-16),rss,10,0,0,0,0,0,0,500,0,0,0,2026-10-05T09:14:23.598516+08:00
Data Center Knowledge,实时,2026-10-04,idle,idle,2026-10-05T09:14:18.026239+08:00,2026-10-05T09:14:18.026239+08:00,2026-10-04,0,2,repair_then_confirm,,all observed candidates were published outside the target date (2026-08-13 to 2026-10-02),listing,75,0,0,0,0,0,0,500,0,0,0,2026-10-05T09:14:23.598516+08:00
Electrek,实时,2026-10-04,healthy,healthy,2026-10-05T09:14:18.026239+08:00,2026-10-05T09:14:18.026239+08:00,2026-10-04,0,4,repair_then_confirm,,,rss,100,4,3,0,3,0,0,500,4763,5570,6018,2026-10-05T09:14:23.598516+08:00
electrive,工作日,2026-10-04,idle,healthy,2026-10-05T09:14:18.026239+08:00,2026-10-05T09:14:18.026239+08:00,2026-10-04,0,4,repair_then_reconfirm,,all observed candidates were published outside the target date (2026-09-18 to 2026-10-03),rss,30,0,0,0,0,0,0,500,0,0,0,2026-10-05T09:14:23.598516+08:00
EnergyTrend储能,工作日,2026-10-04,idle,idle,2026-10-05T09:14:18.026239+08:00,2026-10-05T09:14:18.026239+08:00,2026-10-04,0,8,repair_then_confirm,,all observed candidates were published outside the target date (2026-09-22 to 2026-09-30),rss,28,0,0,0,0,0,0,500,0,0,0,2026-10-05T09:14:23.598516+08:00
ESPLAZA长时储能网,实时,2026-10-04,skipped,skipped,2026-10-05T09:14:18.026239+08:00,,,0,0,none,,备注包含“公众号”,,0,0,0,0,0,0,0,0,0,0,0,2026-10-05T09:14:23.598516+08:00
ESS News,工作日,2026-10-04,idle,idle,2026-10-05T09:14:18.026239+08:00,2026-10-05T09:14:18.026239+08:00,2026-10-04,0,0,none,,all observed candidates were published outside the target date (2026-09-30 to 2026-10-02),rss,10,0,0,0,0,0,0,500,0,0,0,2026-10-05T09:14:23.598516+08:00
H2 View,工作日,2026-10-04,idle,idle,2026-10-05T09:14:18.026239+08:00,2026-10-05T09:14:18.026239+08:00,2026-10-04,0,29,repair_then_reconfirm,,no target-date articles were expected for this source schedule,listing,0,0,0,0,0,0,0,500,0,0,0,2026-10-05T09:14:23.598516+08:00
Hydrogen Tech World,周度,2026-10-04,idle,idle,2026-10-05T09:14:18.026239+08:00,2026-10-05T09:14:18.026239+08:00,2026-10-04,0,0,none,,all observed candidates were published outside the target date (2026-09-21 to 2026-09-29),rss,10,0,0,0,0,0,0,500,0,0,0,2026-10-05T09:14:23.598516+08:00
Informationsdienst Wissenschaft-idw,工作日,2026-10-04,idle,idle,2026-10-05T09:14:18.026239+08:00,2026-10-05T09:14:18.026239+08:00,2026-10-04,0,12,repair_then_reconfirm,,no target-date articles were expected for this source schedule,listing,73,43,0,0,0,0,0,500,0,0,0,2026-10-05T09:14:23.598516+08:00
INSIDEEVs,实时,2026-10-04,healthy,healthy,2026-10-05T09:14:18.026239+08:00,2026-10-05T09:14:18.026239+08:00,2026-10-04,0,0,none,,,rss,20,2,2,0,2,0,0,500,2822,2852,2883,2026-10-05T09:14:23.598516+08:00
interesting engineering,实时,2026-10-04,healthy,healthy,2026-10-05T09:14:18.026239+08:00,2026-10-05T09:14:18.026239+08:00,2026-10-04,0,13,repair_then_reconfirm,,,listing,60,26,6,0,6,0,0,500,3239,3912,5285,2026-10-05T09:14:23.598516+08:00
IT之家,实时,2026-10-04,healthy,healthy,2026-10-05T09:14:18.026239+08:00,2026-10-05T09:14:18.026239+08:00,2026-10-04,0,3,repair_then_reconfirm,,,rss,60,20,20,0,20,0,8,500,268,558,1615,2026-10-05T09:14:23.598516+08:00
MIT Technology Review,实时,2026-10-04,idle,idle,2026-10-05T09:14:18.026239+08:00,2026-10-05T09:14:18.026239+08:00,2026-10-04,0,10,repair_then_reconfirm,,all observed candidates were published outside the target date (2026-09-29 to 2026-10-02),rss,10,0,0,0,0,0,0,500,0,0,0,2026-10-05T09:14:23.598516+08:00
MIT Technology Review Climate,每周,2026-10-04,idle,idle,2026-10-05T09:14:18.026239+08:00,2026-10-05T09:14:18.026239+08:00,2026-10-04,0,0,none,,all observed candidates were published outside the target date (2026-09-01 to 2026-10-01),rss,10,0,0,0,0,0,0,500,0,0,0,2026-10-05T09:14:23.598516+08:00
NE时代,实时,2026-10-04,idle,idle,2026-10-05T09:14:18.026239+08:00,2026-10-05T09:14:18.026239+08:00,2026-10-04,0,8,repair_then_confirm,,all observed candidates were published outside the target date (2026-09-30 to 2026-10-02),listing,20,10,0,0,0,0,0,500,0,0,0,2026-10-05T09:14:23.598516+08:00
perovskite-info,实时,2026-10-04,healthy,healthy,2026-10-05T09:14:18.026239+08:00,2026-10-05T09:14:18.026239+08:00,2026-10-04,0,13,repair_then_reconfirm,,,rss,30,2,2,0,2,0,0,500,2729,3112,3496,2026-10-05T09:14:23.598516+08:00
pv magazine,实时,2026-10-04,idle,healthy,2026-10-05T09:14:18.026239+08:00,2026-10-05T09:14:18.026239+08:00,2026-10-04,0,7,repair_then_reconfirm,,all observed candidates were published outside the target date (2026-10-02 to 2026-10-03),rss,10,0,0,0,0,0,0,500,0,0,0,2026-10-05T09:14:23.598516+08:00
pv magazine C&I PV,工作日,2026-10-04,idle,idle,2026-10-05T09:14:18.026239+08:00,2026-10-05T09:14:18.026239+08:00,2026-10-04,0,24,repair_then_reconfirm,,all observed candidates were published outside the target date (2026-09-25 to 2026-10-03),listing,100,0,0,0,0,0,0,500,0,0,0,2026-10-05T09:14:23.598516+08:00
Renewables Now,工作日,2026-10-04,idle,idle,2026-10-05T09:14:18.026239+08:00,2026-10-05T09:14:18.026239+08:00,2026-10-04,0,20,repair_then_reconfirm,,no target-date articles were expected for this source schedule,listing,0,0,0,0,0,0,0,500,0,0,0,2026-10-05T09:14:23.598516+08:00
scitechdaily,实时,2026-10-04,healthy,healthy,2026-10-05T09:14:18.026239+08:00,2026-10-05T09:14:18.026239+08:00,2026-10-04,0,1,repair_then_reconfirm,,,rss,24,12,12,0,12,0,0,500,5153,6521,9969,2026-10-05T09:14:23.598516+08:00
Supply Chain Digital,实时,2026-10-04,idle,healthy,2026-10-05T09:14:18.026239+08:00,2026-10-05T09:14:18.026239+08:00,2026-10-04,0,4,repair_then_confirm,,all observed candidates were published outside the target date (2026-09-28 to 2026-10-03),listing,19,10,0,0,0,0,0,500,0,0,0,2026-10-05T09:14:23.598516+08:00
the information,实时,2026-10-04,healthy,healthy,2026-10-05T09:14:18.026239+08:00,2026-10-05T09:14:18.026239+08:00,2026-10-04,0,3,repair_then_confirm,,,rss_authenticated,20,1,1,0,1,0,0,500,4858,4858,4858,2026-10-05T09:14:23.598516+08:00
Volta Foundation,周度,2026-10-04,idle,idle,2026-10-05T09:14:18.026239+08:00,2026-10-05T09:14:18.026239+08:00,2026-10-04,0,0,none,,no target-date articles were expected for this source schedule,listing,0,0,0,0,0,0,0,500,0,0,0,2026-10-05T09:14:23.598516+08:00
X-MOL,实时,2026-10-04,skipped,skipped,2026-10-05T09:14:18.026239+08:00,,,0,0,none,,备注包含“需账号登录”,,0,0,0,0,0,0,0,0,0,0,0,2026-10-05T09:14:23.598516+08:00
中国新能源网-新闻,实时,2026-10-04,skipped,skipped,2026-10-05T09:14:18.026239+08:00,,,0,0,none,,备注包含“无法访问”,,0,0,0,0,0,0,0,0,0,0,0,2026-10-05T09:14:23.598516+08:00
中国核电信息网-国内,实时,2026-10-04,idle,healthy,2026-10-05T09:14:18.026239+08:00,2026-10-05T09:14:18.026239+08:00,2026-10-04,0,3,repair_then_reconfirm,,all observed candidates were published outside the target date (2026-09-30 to 2026-10-03),listing,24,10,0,0,0,0,0,500,0,0,0,2026-10-05T09:14:23.598516+08:00
中国核电信息网-国际,实时,2026-10-04,healthy,healthy,2026-10-05T09:14:18.026239+08:00,2026-10-05T09:14:18.026239+08:00,2026-10-04,0,2,repair_then_reconfirm,,,listing,23,17,4,0,4,0,0,500,578,766,914,2026-10-05T09:14:23.598516+08:00
中国电力新闻网-新能源,工作日,2026-10-04,idle,idle,2026-10-05T09:14:18.026239+08:00,2026-10-05T09:14:18.026239+08:00,2026-10-04,0,13,repair_then_confirm,,no target-date articles were expected for this source schedule,listing,0,0,0,0,0,0,0,500,0,0,0,2026-10-05T09:14:23.598516+08:00
中国电力新闻网-科技,工作日,2026-10-04,idle,idle,2026-10-05T09:14:18.026239+08:00,2026-10-05T09:14:18.026239+08:00,2026-10-04,0,24,repair_then_reconfirm,,no target-date articles were expected for this source schedule,listing,0,0,0,0,0,0,0,500,0,0,0,2026-10-05T09:14:23.598516+08:00
中国能源网,工作日,2026-10-04,idle,idle,2026-10-05T09:14:18.026239+08:00,2026-10-05T09:14:18.026239+08:00,2026-10-04,0,33,repair_then_confirm,,no target-date articles were expected for this source schedule,listing,0,0,0,0,0,0,0,500,0,0,0,2026-10-05T09:14:23.598516+08:00
中粉固态电池,实时,2026-10-04,skipped,skipped,2026-10-05T09:14:18.026239+08:00,,,0,0,none,,备注包含“公众号”,,0,0,0,0,0,0,0,0,0,0,0,2026-10-05T09:14:23.598516+08:00
交通运输部—其他政策性文件,工作日,2026-10-04,idle,idle,2026-10-05T09:14:18.026239+08:00,2026-10-05T09:14:18.026239+08:00,2026-10-04,0,0,none,,all observed candidates were published outside the target date (2026-09-14 to 2026-09-30),listing,10,0,0,0,0,0,0,500,0,0,0,2026-10-05T09:14:23.598516+08:00
光伏测试网,实时,2026-10-04,idle,idle,2026-10-05T09:14:18.026239+08:00,2026-10-05T09:14:18.026239+08:00,2026-10-04,0,36,repair_then_confirm,,all observed candidates were published outside the target date (2026-09-16 to 2026-09-30),listing,11,0,0,0,0,0,0,500,0,0,0,2026-10-05T09:14:23.598516+08:00
全球风电网,实时,2026-10-04,skipped,skipped,2026-10-05T09:14:18.026239+08:00,,,0,0,none,,备注包含“无法访问”,,0,0,0,0,0,0,0,0,0,0,0,2026-10-05T09:14:23.598516+08:00
北极星储能网,实时,2026-10-04,zero,zero,2026-10-05T09:14:18.026239+08:00,2026-09-28T08:48:55.914147+08:00,2026-09-27,8,47,repair_then_confirm,,no target-date articles were collected,listing,0,0,0,0,0,0,0,500,0,0,0,2026-10-05T09:14:23.598516+08:00
商务部—政策发布,工作日,2026-10-04,idle,idle,2026-10-05T09:14:18.026239+08:00,2026-10-05T09:14:18.026239+08:00,2026-10-04,0,0,none,,all observed candidates were published outside the target date (2026-09-01 to 2026-09-30),listing,8,0,0,0,0,0,0,500,0,0,0,2026-10-05T09:14:23.598516+08:00
国家数据局—政策发布,工作日,2026-10-04,idle,idle,2026-10-05T09:14:18.026239+08:00,2026-10-05T09:14:18.026239+08:00,2026-10-04,0,0,none,,all observed candidates were published outside the target date (2025-11-10 to 2026-07-08),listing,15,0,0,0,0,0,0,500,0,0,0,2026-10-05T09:14:23.598516+08:00
国家能源局—公告,工作日,2026-10-04,idle,idle,2026-10-05T09:14:18.026239+08:00,2026-10-05T09:14:18.026239+08:00,2026-10-04,0,0,none,,all observed candidates were published outside the target date (2026-03-31 to 2026-09-23),listing,25,0,0,0,0,0,0,500,0,0,0,2026-10-05T09:14:23.598516+08:00
国家能源局—通知,工作日,2026-10-04,idle,idle,2026-10-05T09:14:18.026239+08:00,2026-10-05T09:14:18.026239+08:00,2026-10-04,0,0,none,,all observed candidates were published outside the target date (2026-05-20 to 2026-09-28),listing,25,0,0,0,0,0,0,500,0,0,0,2026-10-05T09:14:23.598516+08:00
国际太阳能光伏网,工作日,2026-10-04,idle,idle,2026-10-05T09:14:18.026239+08:00,2026-10-05T09:14:18.026239+08:00,2026-10-04,0,3,repair_then_confirm,,all observed candidates were published outside the target date (2026-09-24 to 2026-09-29),listing,53,10,0,0,0,0,0,500,0,0,0,2026-10-05T09:14:23.598516+08:00
国际能源网,实时,2026-10-04,zero,zero,2026-10-05T09:14:18.026239+08:00,2026-10-01T09:59:43.745896+08:00,2026-09-30,4,64,repair_then_confirm,,no target-date articles were collected,listing,0,0,0,0,0,0,0,500,0,0,0,2026-10-05T09:14:23.598516+08:00
地热能在线,实时,2026-10-04,skipped,skipped,2026-10-05T09:14:18.026239+08:00,,,0,0,none,,备注包含“公众号”,,0,0,0,0,0,0,0,0,0,0,0,2026-10-05T09:14:23.598516+08:00
少数派,实时,2026-10-04,healthy,healthy,2026-10-05T09:14:18.026239+08:00,2026-10-05T09:14:18.026239+08:00,2026-10-04,0,3,repair_then_confirm,,,listing,36,36,1,0,1,0,0,500,5678,5678,5678,2026-10-05T09:14:23.598516+08:00
工业和信息化部—文件公示,工作日,2026-10-04,idle,idle,2026-10-05T09:14:18.026239+08:00,2026-10-05T09:14:18.026239+08:00,2026-10-04,0,0,none,,all observed candidates were published outside the target date (2026-07-11 to 2026-09-17),listing,3,0,0,0,0,0,0,500,0,0,0,2026-10-05T09:14:23.598516+08:00
市场监管总局—反垄断通知公告,工作日,2026-10-04,idle,idle,2026-10-05T09:14:18.026239+08:00,2026-10-05T09:14:18.026239+08:00,2026-10-04,0,0,none,,all observed candidates were published outside the target date (2021-12-22 to 2026-09-28),listing,40,0,0,0,0,0,0,500,0,0,0,2026-10-05T09:14:23.598516+08:00
应急管理部—通知公告,工作日,2026-10-04,idle,idle,2026-10-05T09:14:18.026239+08:00,2026-10-05T09:14:18.026239+08:00,2026-10-04,0,0,none,,all observed candidates were published outside the target date (2026-08-13 to 2026-09-29),listing,20,0,0,0,0,0,0,500,0,0,0,2026-10-05T09:14:23.598516+08:00
我爱电车网,实时,2026-10-04,healthy,healthy,2026-10-05T09:14:18.026239+08:00,2026-10-05T09:14:18.026239+08:00,2026-10-04,0,20,repair_then_confirm,,,listing,2,2,2,0,2,0,1,500,396,559,722,2026-10-05T09:14:23.598516+08:00
新华网科技,工作日,2026-10-04,idle,idle,2026-10-05T09:14:18.026239+08:00,2026-10-05T09:14:18.026239+08:00,2026-10-04,0,1,repair_then_confirm,,all observed candidates were published outside the target date (2026-09-04 to 2026-09-30),listing,24,0,0,0,0,0,0,500,0,0,0,2026-10-05T09:14:23.598516+08:00
新能源网,实时,2026-10-04,skipped,skipped,2026-10-05T09:14:18.026239+08:00,,,0,0,none,,备注包含“无法访问”,,0,0,0,0,0,0,0,0,0,0,0,2026-10-05T09:14:23.598516+08:00
电池网,实时,2026-10-04,healthy,healthy,2026-10-05T09:14:18.026239+08:00,2026-10-05T09:14:18.026239+08:00,2026-10-04,0,30,repair_then_confirm,,,listing,1,1,1,0,1,0,1,500,483,483,483,2026-10-05T09:14:23.598516+08:00
科学技术部—通知通告,工作日,2026-10-04,idle,idle,2026-10-05T09:14:18.026239+08:00,2026-10-05T09:14:18.026239+08:00,2026-10-04,0,0,none,,all observed candidates were published outside the target date (2026-05-19 to 2026-09-28),listing,16,0,0,0,0,0,0,500,0,0,0,2026-10-05T09:14:23.598516+08:00
科学网新闻,实时,2026-10-04,degraded,healthy,2026-10-05T09:14:18.026239+08:00,2026-10-04T10:10:37.036373+08:00,2026-10-03,1,6,repair_then_reconfirm,,1 articles were not verified as full text (truncated_ending),rss,20,19,19,0,18,1,5,500,69,748,9036,2026-10-05T09:14:23.598516+08:00
索比光伏,工作日,2026-10-04,idle,idle,2026-10-05T09:14:18.026239+08:00,2026-10-05T09:14:18.026239+08:00,2026-10-04,0,3,repair_then_reconfirm,,all observed candidates were published outside the target date (2026-08-25 to 2026-09-30),listing,15,0,0,0,0,0,0,500,0,0,0,2026-10-05T09:14:23.598516+08:00
索比光伏-综合新闻,工作日,2026-10-04,idle,idle,2026-10-05T09:14:18.026239+08:00,2026-10-05T09:14:18.026239+08:00,2026-10-04,0,0,none,,all observed candidates were published outside the target date (2007-06-21 to 2026-09-30),listing,100,0,0,0,0,0,0,500,0,0,0,2026-10-05T09:14:23.598516+08:00
网易知光谷,低频,2026-10-04,idle,idle,2026-10-05T09:14:18.026239+08:00,2026-10-05T09:14:18.026239+08:00,2026-10-04,0,0,none,,all observed candidates were published outside the target date (2026-06-05 to 2026-06-08),listing,20,10,0,0,0,0,0,500,0,0,0,2026-10-05T09:14:23.598516+08:00
能源学人,实时,2026-10-04,skipped,skipped,2026-10-05T09:14:18.026239+08:00,,,0,0,none,,备注包含“公众号”,,0,0,0,0,0,0,0,0,0,0,0,2026-10-05T09:14:23.598516+08:00
自然资源部—通知公告,工作日,2026-10-04,idle,idle,2026-10-05T09:14:18.026239+08:00,2026-10-05T09:14:18.026239+08:00,2026-10-04,0,13,repair_then_confirm,,no target-date articles were expected for this source schedule,listing,0,0,0,0,0,0,0,500,0,0,0,2026-10-05T09:14:23.598516+08:00
起点钠电,实时,2026-10-04,skipped,skipped,2026-10-05T09:14:18.026239+08:00,,,0,0,none,,备注包含“公众号”,,0,0,0,0,0,0,0,0,0,0,0,2026-10-05T09:14:23.598516+08:00
量子位,实时,2026-10-04,healthy,healthy,2026-10-05T09:14:18.026239+08:00,2026-10-05T09:14:18.026239+08:00,2026-10-04,0,0,none,,,listing,33,18,3,0,3,0,0,500,3431,6322,6733,2026-10-05T09:14:23.598516+08:00
钙钛矿学习xx平台,实时,2026-10-04,skipped,skipped,2026-10-05T09:14:18.026239+08:00,,,0,0,none,,备注包含“公众号”,,0,0,0,0,0,0,0,0,0,0,0,2026-10-05T09:14:23.598516+08:00
钙钛矿工厂,实时,2026-10-04,skipped,skipped,2026-10-05T09:14:18.026239+08:00,,,0,0,none,,备注包含“公众号”,,0,0,0,0,0,0,0,0,0,0,0,2026-10-05T09:14:23.598516+08:00
风电世界,实时,2026-10-04,skipped,skipped,2026-10-05T09:14:18.026239+08:00,,,0,0,none,,链接为空,,0,0,0,0,0,0,0,0,0,0,0,2026-10-05T09:14:23.598516+08:00
